method,macro8,extrap_macro4
GBF / hFF,0.8876284246575342,0.7752568493150684
DD / WL / XGB-D,0.7402777777777778,0.6749999999999999
A* / LM-Cut,0.5159246575342467,0.03184931506849315
